<?xml version="1.0" encoding="UTF-8"?>  
<beans xmlns="http://www.springframework.org/schema/beans" 
    xmlns:xsi="http://www.w3.org/2001/XMLSchema-instance" 
    xmlns:jpa="http://www.springframework.org/schema/data/jpa"
    xmlns:context="http://www.springframework.org/schema/context"  
    xmlns:mvc="http://www.springframework.org/schema/mvc"  
    xmlns:tx="http://www.springframework.org/schema/tx"
    xsi:schemaLocation="  
        http://www.springframework.org/schema/beans  
        
        http://www.springframework.org/schema/beans/spring-beans.xsd  
        http://www.springframework.org/schema/context  
        http://www.springframework.org/schema/context/spring-context.xsd  
        http://www.springframework.org/schema/mvc  
        http://www.springframework.org/schema/mvc/spring-mvc.xsd
        http://www.springframework.org/schema/data/jpa
    	http://www.springframework.org/schema/data/jpa/spring-jpa.xsd
 	    http://www.springframework.org/schema/tx
        http://www.springframework.org/schema/tx/spring-tx-4.3.xsd">

	<mvc:annotation-driven />	
	<context:component-scan	base-package="springmvc" />
	
	<bean
		class="org.springframework.web.servlet.view.InternalResourceViewResolver"
		name="viewResolver">
		<property name="prefix" value="/WEB-INF/views/" />
		<property name="suffix" value=".jsp" />
	</bean>
	
	<mvc:resources mapping="/resources/**" location="/resources/" />
	
	<!-- data source -->

	<bean
		class="org.springframework.jdbc.datasource.DriverManagerDataSource"
		name="ds">

		<property name="driverClassName"
			value="com.mysql.cj.jdbc.Driver" />
		<property name="url"
			value="jdbc:mysql://localhost:3306/Studentinfo" />
		<property name="username" value="root" />
		<property name="password" value="sys@786" />

	</bean>
	
		<!-- LocalSessionFactoryBean -->



	<bean
		class="org.springframework.orm.hibernate5.LocalSessionFactoryBean"
		name="factory">

		<!-- data source -->
		<property name="dataSource" ref="ds"></property>

		<!-- hibernate properties -->
		<property name="hibernateProperties">
			<props>
				<prop key="hibernate.dialect">org.hibernate.dialect.MySQL5Dialect</prop>
				<prop key="hibernate.show_sql">true</prop>
				<prop key="hibernate.hbm2ddl.auto">update</prop>
			</props>
		</property>
		
				<!-- annotated classes -->
		<property name="annotatedClasses">
			<list>
				<value>springmvc.model.Student</value>
			</list>
		</property>
		

	</bean>	
	
	<bean class="org.springframework.orm.hibernate5.HibernateTemplate"
		name="hibernateTemplate">
		<property name="sessionFactory" ref="factory"></property>

	</bean>

	
	<bean
		class="org.springframework.orm.hibernate5.HibernateTransactionManager"
		name="transactionManager">
		<property name="sessionFactory" ref="factory"></property>
	</bean>
	
	 <!-- Enable annotation driven transaction management -->
	 <tx:annotation-driven/>

</beans>